ASSET,Industry
STOCK10000,HLC
STOCK10001,FINBANK
STOCK10002,HLC
STOCK10003,ITCSOFT
STOCK10004,HLC
STOCK10005,CDI
STOCK10006,FINREAL
STOCK10007,FIN
STOCK10008,CST
STOCK10009,ITCSOFT
STOCK10010,HLC
STOCK10011,EGY
STOCK10012,HLC
STOCK10013,CST
STOCK10014,EGY
STOCK10015,EGY
STOCK10016,CST
STOCK10017,CDI
STOCK10018,IND
STOCK10019,EGY
STOCK10020,EGY
STOCK10021,IND
STOCK10022,HLC
STOCK10023,UTL
STOCK10024,CDI
STOCK10025,HLC
STOCK10026,IND
STOCK10027,UTL
STOCK10028,HLC
STOCK10029,IND
STOCK10030,MAT
STOCK10031,EGY
STOCK10032,UTL
STOCK10033,CST
STOCK10034,CDI
STOCK10035,FINBANK
STOCK10036,FINBANK
STOCK10037,IND
STOCK10038,ITCSOFT
STOCK10039,HLC
STOCK10040,ITC
STOCK10041,ITCSOFT
STOCK10042,FIN
STOCK10043,HLC
STOCK10044,HLC
STOCK10045,FINBANK
STOCK10046,MAT
STOCK10047,CDI
STOCK10048,FINREAL
STOCK10049,ITC
STOCK10050,EGY
STOCK10051,FIN
STOCK10052,HLC
STOCK10053,FINREAL
STOCK10054,FINREAL
STOCK10055,ITCSOFT
STOCK10056,HLC
STOCK10057,IND
STOCK10058,FIN
STOCK10059,FIN
STOCK10060,FINBANK
STOCK10061,IND
STOCK10062,ITCSOFT
STOCK10063,CDI
STOCK10064,FINREAL
STOCK10065,EGY
STOCK10066,ITCSOFT
STOCK10067,IND
STOCK10068,UTL
STOCK10069,FIN
STOCK10070,ITCSOFT
STOCK10071,UTL
STOCK10072,HLC
STOCK10073,FIN
STOCK10074,FINREAL
STOCK10075,ITC
STOCK10076,UTL
STOCK10077,CST
STOCK10078,HLC
STOCK10079,IND
STOCK10080,MAT
STOCK10081,HLC
STOCK10082,FINBANK
STOCK10083,HLC
STOCK10084,HLC
STOCK10085,HLC
STOCK10086,CDI
STOCK10087,FINBANK
STOCK10088,ITC
STOCK10089,CST
STOCK10090,EGY
STOCK10091,MAT
STOCK10092,FIN
STOCK10093,HLC
STOCK10094,ITCSOFT
STOCK10095,CDI
STOCK10096,CDI
STOCK10097,FIN
STOCK10098,ITC
STOCK10099,CST
STOCK10100,UTL
STOCK10101,CST
STOCK10102,HLC
STOCK10103,CDI
STOCK10104,FIN
STOCK10105,CDI
STOCK10106,CDI
STOCK10107,MAT
STOCK10108,ITCSOFT
STOCK10109,CST
STOCK10110,UTL
STOCK10111,ITCSOFT
STOCK10112,CDI
STOCK10113,CST
STOCK10114,ITCSOFT
STOCK10115,FINBANK
STOCK10116,ITCSOFT
STOCK10117,FIN
STOCK10118,ITCSOFT
STOCK10119,HLC
STOCK10120,FINREAL
STOCK10121,CDI
STOCK10122,IND
STOCK10123,CDI
STOCK10124,HLC
STOCK10125,EGY
STOCK10126,ITC
STOCK10127,MAT
STOCK10128,ITCSOFT
STOCK10129,FIN
STOCK10130,MAT
STOCK10131,CST
STOCK10132,HLC
STOCK10133,EGY
STOCK10134,CDI
STOCK10135,HLC
STOCK10136,CDI
STOCK10137,IND
STOCK10138,UTL
STOCK10139,ITCSOFT
STOCK10140,FINBANK
STOCK10141,HLC
STOCK10142,IND
STOCK10143,FINBANK
STOCK10144,CDI
STOCK10145,FINBANK
STOCK10146,CDI
STOCK10147,UTL
STOCK10148,ITCSOFT
STOCK10149,MAT
STOCK10150,ITCSOFT
STOCK10151,FINBANK
STOCK10152,FINBANK
STOCK10153,IND
STOCK10154,IND
STOCK10155,UTL
STOCK10156,EGY
STOCK10157,EGY
STOCK10158,CST
STOCK10159,MAT
STOCK10160,MAT
STOCK10161,IND
STOCK10162,FINREAL
STOCK10163,FINREAL
STOCK10164,MAT
STOCK10165,ITCSOFT
STOCK10166,HLC
STOCK10167,ITCSOFT
STOCK10168,MAT
STOCK10169,UTL
STOCK10170,FINREAL
STOCK10171,FINBANK
STOCK10172,FINBANK
STOCK10173,CST
STOCK10174,FINREAL
STOCK10175,FIN
STOCK10176,HLC
STOCK10177,UTL
STOCK10178,FINBANK
STOCK10179,FIN
STOCK10180,HLC
STOCK10181,UTL
STOCK10182,CST
STOCK10183,MAT
STOCK10184,UTL
STOCK10185,HLC
STOCK10186,CDI
STOCK10187,HLC
STOCK10188,MAT
STOCK10189,UTL
STOCK10190,ITC
STOCK10191,HLC
STOCK10192,HLC
STOCK10193,ITC
STOCK10194,HLC
STOCK10195,HLC
STOCK10196,CST
STOCK10197,CDI
STOCK10198,HLC
STOCK10199,FIN
STOCK10200,ITCSOFT
STOCK10201,UTL
STOCK10202,CST
STOCK10203,HLC
STOCK10204,CDI
STOCK10205,FIN
STOCK10206,FINREAL
STOCK10207,FINBANK
STOCK10208,MAT
STOCK10209,FIN
STOCK10210,FINREAL
STOCK10211,CDI
STOCK10212,FINREAL
STOCK10213,FINREAL
STOCK10214,FIN
STOCK10215,UTL
STOCK10216,CST
STOCK10217,FIN
STOCK10218,CST
STOCK10219,FIN
STOCK10220,CDI
STOCK10221,CDI
STOCK10222,ITC
STOCK10223,FIN
STOCK10224,ITCSOFT
STOCK10225,EGY
STOCK10226,MAT
STOCK10227,UTL
STOCK10228,UTL
STOCK10229,IND
STOCK10230,IND
STOCK10231,ITC
STOCK10232,EGY
STOCK10233,MAT
STOCK10234,FINBANK
STOCK10235,CST
STOCK10236,HLC
STOCK10237,ITC
STOCK10238,HLC
STOCK10239,ITC
STOCK10240,FINBANK
STOCK10241,CST
STOCK10242,FIN
STOCK10243,FINBANK
STOCK10244,HLC
STOCK10245,FINREAL
STOCK10246,IND
STOCK10247,CDI
STOCK10248,EGY
STOCK10249,CDI
STOCK10250,UTL
STOCK10251,FIN
STOCK10252,UTL
STOCK10253,HLC
STOCK10254,ITC
STOCK10255,HLC
STOCK10256,UTL
STOCK10257,ITC
STOCK10258,CST
STOCK10259,HLC
STOCK10260,FINREAL
STOCK10261,HLC
STOCK10262,FINREAL
STOCK10263,MAT
STOCK10264,ITC
STOCK10265,EGY
STOCK10266,CST
STOCK10267,CDI
STOCK10268,CDI
STOCK10269,CDI
STOCK10270,HLC
STOCK10271,UTL
STOCK10272,ITCSOFT
STOCK10273,CDI
STOCK10274,HLC
STOCK10275,UTL
STOCK10276,HLC
STOCK10277,FINBANK
STOCK10278,ITCSOFT
STOCK10279,ITC
STOCK10280,CST
STOCK10281,MAT
STOCK10282,CST
STOCK10283,IND
STOCK10284,FINREAL
STOCK10285,UTL
STOCK10286,MAT
STOCK10287,ITC
STOCK10288,CST
STOCK10289,HLC
STOCK10290,IND
STOCK10291,FINBANK
STOCK10292,FINBANK
STOCK10293,CDI
STOCK10294,CDI
STOCK10295,HLC
STOCK10296,UTL
STOCK10297,FINBANK
STOCK10298,MAT
STOCK10299,ITC
STOCK10300,UTL
STOCK10301,UTL
STOCK10302,UTL
STOCK10303,FINBANK
STOCK10304,ITC
STOCK10305,EGY
STOCK10306,EGY
STOCK10307,MAT
STOCK10308,HLC
STOCK10309,EGY
STOCK10310,IND
STOCK10311,FIN
STOCK10312,FINREAL
STOCK10313,ITC
STOCK10314,IND
STOCK10315,ITC
STOCK10316,EGY
STOCK10317,UTL
STOCK10318,HLC
STOCK10319,HLC
STOCK10320,FINREAL
STOCK10321,HLC
STOCK10322,UTL
STOCK10323,FINREAL
STOCK10324,UTL
STOCK10325,CDI
STOCK10326,FINREAL
STOCK10327,ITCSOFT
STOCK10328,HLC
STOCK10329,MAT
STOCK10330,IND
STOCK10331,HLC
STOCK10332,ITCSOFT
STOCK10333,ITC
STOCK10334,CST
STOCK10335,FINREAL
STOCK10336,EGY
STOCK10337,CDI
STOCK10338,HLC
STOCK10339,CDI
STOCK10340,UTL
STOCK10341,UTL
STOCK10342,UTL
STOCK10343,ITC
STOCK10344,CDI
STOCK10345,ITCSOFT
STOCK10346,CDI
STOCK10347,ITC
STOCK10348,HLC
STOCK10349,ITC
STOCK10350,CST
STOCK10351,HLC
STOCK10352,CDI
STOCK10353,CST
STOCK10354,HLC
STOCK10355,ITC
STOCK10356,ITCSOFT
STOCK10357,FINREAL
STOCK10358,HLC
STOCK10359,ITC
STOCK10360,EGY
STOCK10361,UTL
STOCK10362,EGY
STOCK10363,FINBANK
STOCK10364,FINREAL
STOCK10365,CDI
STOCK10366,EGY
STOCK10367,FINBANK
STOCK10368,ITCSOFT
STOCK10369,HLC
STOCK10370,UTL
STOCK10371,FINREAL
STOCK10372,ITC
STOCK10373,HLC
STOCK10374,EGY
STOCK10375,EGY
STOCK10376,HLC
STOCK10377,ITCSOFT
STOCK10378,ITC
STOCK10379,FINBANK
STOCK10380,CST
STOCK10381,HLC
STOCK10382,ITC
STOCK10383,CDI
STOCK10384,FINREAL
STOCK10385,ITCSOFT
STOCK10386,IND
STOCK10387,FINREAL
STOCK10388,UTL
STOCK10389,HLC
STOCK10390,ITCSOFT
STOCK10391,EGY
STOCK10392,CDI
STOCK10393,HLC
STOCK10394,CDI
STOCK10395,EGY
STOCK10396,MAT
STOCK10397,ITC
STOCK10398,HLC
STOCK10399,IND
STOCK10400,CDI
STOCK10401,HLC
STOCK10402,HLC
STOCK10403,EGY
STOCK10404,HLC
STOCK10405,FIN
STOCK10406,FINREAL
STOCK10407,EGY
STOCK10408,HLC
STOCK10409,UTL
STOCK10410,CST
STOCK10411,EGY
STOCK10412,CDI
STOCK10413,CST
STOCK10414,FIN
STOCK10415,UTL
STOCK10416,EGY
STOCK10417,FINREAL
STOCK10418,FIN
STOCK10419,ITC
STOCK10420,FIN
STOCK10421,IND
STOCK10422,ITCSOFT
STOCK10423,EGY
STOCK10424,UTL
STOCK10425,MAT
STOCK10426,MAT
STOCK10427,FIN
STOCK10428,HLC
STOCK10429,EGY
STOCK10430,FINREAL
STOCK10431,HLC
STOCK10432,UTL
STOCK10433,ITC
STOCK10434,CDI
STOCK10435,EGY
STOCK10436,IND
STOCK10437,MAT
STOCK10438,IND
STOCK10439,CST
STOCK10440,CDI
STOCK10441,ITC
STOCK10442,HLC
STOCK10443,MAT
STOCK10444,EGY
STOCK10445,CST
STOCK10446,FINBANK
STOCK10447,HLC
STOCK10448,ITC
STOCK10449,FINBANK
STOCK10450,FIN
STOCK10451,FINBANK
STOCK10452,MAT
STOCK10453,MAT
STOCK10454,IND
STOCK10455,ITCSOFT
STOCK10456,MAT
STOCK10457,FIN
STOCK10458,UTL
STOCK10459,CST
STOCK10460,FINBANK
STOCK10461,HLC
STOCK10462,EGY
STOCK10463,EGY
STOCK10464,CST
STOCK10465,CST
STOCK10466,FINBANK
STOCK10467,FINREAL
STOCK10468,ITC
STOCK10469,CDI
STOCK10470,ITC
STOCK10471,ITC
STOCK10472,HLC
STOCK10473,HLC
STOCK10474,FINREAL
STOCK10475,UTL
STOCK10476,CDI
STOCK10477,HLC
STOCK10478,CDI
STOCK10479,CST
STOCK10480,CDI
STOCK10481,ITCSOFT
STOCK10482,HLC
STOCK10483,CDI
STOCK10484,HLC
STOCK10485,CST
STOCK10486,MAT
STOCK10487,EGY
STOCK10488,HLC
STOCK10489,CDI
STOCK10490,UTL
STOCK10491,FINREAL
STOCK10492,CST
STOCK10493,FIN
STOCK10494,FINREAL
STOCK10495,HLC
STOCK10496,UTL
STOCK10497,CST
STOCK10498,UTL
STOCK10499,HLC
STOCK10500,FINREAL
STOCK10501,IND
STOCK10502,FINBANK
STOCK10503,FINREAL
STOCK10504,FIN
STOCK10505,UTL
STOCK10506,IND
STOCK10507,UTL
STOCK10508,MAT
STOCK10509,FINREAL
STOCK10510,EGY
STOCK10511,HLC
STOCK10512,UTL
STOCK10513,IND
STOCK10514,CDI
STOCK10515,UTL
STOCK10516,CDI
STOCK10517,UTL
STOCK10518,EGY
STOCK10519,UTL
STOCK10520,ITCSOFT
STOCK10521,MAT
STOCK10522,ITCSOFT
STOCK10523,FINREAL
STOCK10524,MAT
STOCK10525,EGY
STOCK10526,FINBANK
STOCK10527,ITC
STOCK10528,CDI
STOCK10529,HLC
STOCK10530,IND
STOCK10531,CDI
STOCK10532,CDI
STOCK10533,CST
STOCK10534,UTL
STOCK10535,HLC
STOCK10536,MAT
STOCK10537,EGY
STOCK10538,HLC
STOCK10539,IND
STOCK10540,UTL
STOCK10541,HLC
STOCK10542,FINBANK
STOCK10543,FIN
STOCK10544,FIN
STOCK10545,IND
STOCK10546,MAT
STOCK10547,CDI
STOCK10548,IND
STOCK10549,CST
STOCK10550,ITCSOFT
STOCK10551,HLC
STOCK10552,UTL
STOCK10553,UTL
STOCK10554,UTL
STOCK10555,IND
STOCK10556,FINREAL
STOCK10557,UTL
STOCK10558,MAT
STOCK10559,IND
STOCK10560,EGY
STOCK10561,UTL
STOCK10562,FIN
STOCK10563,FINREAL
STOCK10564,FINREAL
STOCK10565,ITCSOFT
STOCK10566,CDI
STOCK10567,IND
STOCK10568,HLC
STOCK10569,HLC
STOCK10570,UTL
STOCK10571,HLC
STOCK10572,FINBANK
STOCK10573,FINREAL
STOCK10574,FINREAL
STOCK10575,UTL
STOCK10576,MAT
STOCK10577,CST
STOCK10578,FINBANK
STOCK10579,FINREAL
STOCK10580,IND
STOCK10581,IND
STOCK10582,IND
STOCK10583,UTL
STOCK10584,UTL
STOCK10585,CST
STOCK10586,FIN
STOCK10587,CST
STOCK10588,IND
STOCK10589,HLC
STOCK10590,ITC
STOCK10591,ITC
STOCK10592,MAT
STOCK10593,CST
STOCK10594,FINBANK
STOCK10595,ITC
STOCK10596,HLC
STOCK10597,EGY
STOCK10598,ITCSOFT
STOCK10599,EGY
STOCK10600,CST
STOCK10601,IND
STOCK10602,ITCSOFT
STOCK10603,FINBANK
STOCK10604,FINREAL
STOCK10605,IND
STOCK10606,ITC
STOCK10607,CDI
STOCK10608,IND
STOCK10609,ITCSOFT
STOCK10610,FIN
STOCK10611,FIN
STOCK10612,HLC
STOCK10613,ITC
STOCK10614,HLC
STOCK10615,IND
STOCK10616,FINBANK
STOCK10617,CDI
STOCK10618,HLC
STOCK10619,FINREAL
STOCK10620,IND
STOCK10621,MAT
STOCK10622,EGY
STOCK10623,ITCSOFT
STOCK10624,MAT
STOCK10625,FINREAL
STOCK10626,MAT
STOCK10627,ITC
STOCK10628,ITCSOFT
STOCK10629,ITC
STOCK10630,ITCSOFT
STOCK10631,EGY
STOCK10632,IND
STOCK10633,FINBANK
STOCK10634,CST
STOCK10635,EGY
STOCK10636,FIN
STOCK10637,MAT
STOCK10638,EGY
STOCK10639,ITC
STOCK10640,ITCSOFT
STOCK10641,ITCSOFT
STOCK10642,MAT
STOCK10643,MAT
STOCK10644,IND
STOCK10645,IND
STOCK10646,EGY
STOCK10647,HLC
STOCK10648,CST
STOCK10649,EGY
STOCK10650,UTL
STOCK10651,FIN
STOCK10652,ITC
STOCK10653,IND
STOCK10654,UTL
STOCK10655,HLC
STOCK10656,CDI
STOCK10657,ITC
STOCK10658,ITC
STOCK10659,IND
STOCK10660,HLC
STOCK10661,ITCSOFT
STOCK10662,CST
STOCK10663,UTL
STOCK10664,CST
STOCK10665,IND
STOCK10666,FINBANK
STOCK10667,FINREAL
STOCK10668,CST
STOCK10669,ITCSOFT
STOCK10670,ITC
STOCK10671,UTL
STOCK10672,CDI
STOCK10673,CST
STOCK10674,FINREAL
STOCK10675,HLC
STOCK10676,CDI
STOCK10677,CST
STOCK10678,CDI
STOCK10679,MAT
STOCK10680,CDI
STOCK10681,ITC
STOCK10682,FIN
STOCK10683,FINBANK
STOCK10684,ITCSOFT
STOCK10685,UTL
STOCK10686,ITCSOFT
STOCK10687,ITC
STOCK10688,UTL
STOCK10689,HLC
STOCK10690,HLC
STOCK10691,ITCSOFT
STOCK10692,ITCSOFT
STOCK10693,IND
STOCK10694,CST
STOCK10695,EGY
STOCK10696,FINREAL
STOCK10697,CST
STOCK10698,CDI
STOCK10699,MAT
STOCK10700,ITC
STOCK10701,CDI
STOCK10702,CDI
STOCK10703,MAT
STOCK10704,UTL
STOCK10705,EGY
STOCK10706,HLC
STOCK10707,UTL
STOCK10708,HLC
STOCK10709,CDI
STOCK10710,ITC
STOCK10711,FIN
STOCK10712,ITC
STOCK10713,EGY
STOCK10714,HLC
STOCK10715,ITC
STOCK10716,FIN
STOCK10717,MAT
STOCK10718,CST
STOCK10719,UTL
STOCK10720,CST
STOCK10721,UTL
STOCK10722,IND
STOCK10723,FINBANK
STOCK10724,ITC
STOCK10725,HLC
STOCK10726,MAT
STOCK10727,ITCSOFT
STOCK10728,MAT
STOCK10729,IND
STOCK10730,HLC
STOCK10731,UTL
STOCK10732,HLC
STOCK10733,ITCSOFT
STOCK10734,HLC
STOCK10735,ITCSOFT
STOCK10736,ITC
STOCK10737,FINBANK
STOCK10738,FINREAL
STOCK10739,ITCSOFT
STOCK10740,EGY
STOCK10741,CDI
STOCK10742,FIN
STOCK10743,HLC
STOCK10744,FIN
STOCK10745,HLC
STOCK10746,CST
STOCK10747,FINBANK
STOCK10748,FINREAL
STOCK10749,UTL
STOCK10750,ITC
STOCK10751,ITC
STOCK10752,EGY
STOCK10753,FINBANK
STOCK10754,EGY
STOCK10755,FIN
STOCK10756,CST
STOCK10757,CDI
STOCK10758,UTL
STOCK10759,HLC
STOCK10760,FINREAL
STOCK10761,FINBANK
STOCK10762,MAT
STOCK10763,HLC
STOCK10764,ITC
STOCK10765,EGY
STOCK10766,HLC
STOCK10767,EGY
STOCK10768,UTL
STOCK10769,UTL
STOCK10770,ITC
STOCK10771,FIN
STOCK10772,MAT
STOCK10773,HLC
STOCK10774,ITC
STOCK10775,ITCSOFT
STOCK10776,UTL
STOCK10777,EGY
STOCK10778,ITCSOFT
STOCK10779,IND
STOCK10780,HLC
STOCK10781,IND
STOCK10782,HLC
STOCK10783,FINBANK
STOCK10784,HLC
STOCK10785,HLC
STOCK10786,EGY
STOCK10787,CST
STOCK10788,FIN
STOCK10789,HLC
STOCK10790,HLC
STOCK10791,FIN
STOCK10792,ITCSOFT
STOCK10793,ITCSOFT
STOCK10794,CDI
STOCK10795,CST
STOCK10796,ITCSOFT
STOCK10797,UTL
STOCK10798,UTL
STOCK10799,FIN
STOCK10800,ITCSOFT
STOCK10801,HLC
STOCK10802,CST
STOCK10803,CDI
STOCK10804,UTL
STOCK10805,HLC
STOCK10806,CDI
STOCK10807,MAT
STOCK10808,FINREAL
STOCK10809,EGY
STOCK10810,CDI
STOCK10811,CDI
STOCK10812,CST
STOCK10813,MAT
STOCK10814,FIN
STOCK10815,FIN
STOCK10816,ITCSOFT
STOCK10817,CDI
STOCK10818,UTL
STOCK10819,ITC
STOCK10820,MAT
STOCK10821,FIN
STOCK10822,FINBANK
STOCK10823,IND
STOCK10824,FIN
STOCK10825,FINREAL
STOCK10826,MAT
STOCK10827,ITC
STOCK10828,HLC
STOCK10829,UTL
STOCK10830,HLC
STOCK10831,UTL
STOCK10832,FINBANK
STOCK10833,MAT
STOCK10834,HLC
STOCK10835,FINBANK
STOCK10836,FIN
STOCK10837,FIN
STOCK10838,UTL
STOCK10839,HLC
STOCK10840,MAT
STOCK10841,HLC
STOCK10842,CST
STOCK10843,HLC
STOCK10844,FIN
STOCK10845,CDI
STOCK10846,IND
STOCK10847,HLC
STOCK10848,FIN
STOCK10849,FINREAL
STOCK10850,EGY
STOCK10851,FINREAL
STOCK10852,FIN
STOCK10853,UTL
STOCK10854,ITC
STOCK10855,CST
STOCK10856,MAT
STOCK10857,ITC
STOCK10858,EGY
STOCK10859,FIN
STOCK10860,ITC
STOCK10861,FINREAL
STOCK10862,ITC
STOCK10863,HLC
STOCK10864,CDI
STOCK10865,MAT
STOCK10866,EGY
STOCK10867,MAT
STOCK10868,EGY
STOCK10869,EGY
STOCK10870,FINREAL
STOCK10871,CST
STOCK10872,HLC
STOCK10873,ITC
STOCK10874,HLC
STOCK10875,HLC
STOCK10876,CDI
STOCK10877,EGY
STOCK10878,ITCSOFT
STOCK10879,UTL
STOCK10880,CDI
STOCK10881,CST
STOCK10882,UTL
STOCK10883,CST
STOCK10884,IND
STOCK10885,MAT
STOCK10886,EGY
STOCK10887,CST
STOCK10888,FINBANK
STOCK10889,UTL
STOCK10890,EGY
STOCK10891,EGY
STOCK10892,FIN
STOCK10893,HLC
STOCK10894,IND
STOCK10895,CST
STOCK10896,FINREAL
STOCK10897,FIN
STOCK10898,HLC
STOCK10899,CST
STOCK10900,FIN
STOCK10901,ITC
STOCK10902,MAT
STOCK10903,ITC
STOCK10904,ITCSOFT
STOCK10905,MAT
STOCK10906,FINREAL
STOCK10907,IND
STOCK10908,MAT
STOCK10909,IND
STOCK10910,HLC
STOCK10911,CDI
STOCK10912,HLC
STOCK10913,UTL
STOCK10914,EGY
STOCK10915,ITCSOFT
STOCK10916,HLC
STOCK10917,FINBANK
STOCK10918,UTL
STOCK10919,CDI
STOCK10920,ITCSOFT
STOCK10921,IND
STOCK10922,HLC
STOCK10923,ITCSOFT
STOCK10924,CST
STOCK10925,CST
STOCK10926,IND
STOCK10927,FIN
STOCK10928,UTL
STOCK10929,FINBANK
STOCK10930,EGY
STOCK10931,CDI
STOCK10932,FIN
STOCK10933,FINBANK
STOCK10934,CDI
STOCK10935,HLC
STOCK10936,HLC
STOCK10937,HLC
STOCK10938,CDI
STOCK10939,FINREAL
STOCK10940,EGY
STOCK10941,IND
STOCK10942,UTL
STOCK10943,FIN
STOCK10944,IND
STOCK10945,FINREAL
STOCK10946,IND
STOCK10947,UTL
STOCK10948,ITCSOFT
STOCK10949,CDI
STOCK10950,CDI
STOCK10951,CST
STOCK10952,ITCSOFT
STOCK10953,FINBANK
STOCK10954,UTL
STOCK10955,IND
STOCK10956,CST
STOCK10957,HLC
STOCK10958,UTL
STOCK10959,IND
STOCK10960,FINREAL
STOCK10961,FINREAL
STOCK10962,EGY
STOCK10963,HLC
STOCK10964,HLC
STOCK10965,FIN
STOCK10966,CDI
STOCK10967,CST
STOCK10968,FIN
STOCK10969,EGY
STOCK10970,FIN
STOCK10971,ITCSOFT
STOCK10972,MAT
STOCK10973,FINBANK
STOCK10974,FIN
STOCK10975,FIN
STOCK10976,HLC
STOCK10977,IND
STOCK10978,HLC
STOCK10979,CST
STOCK10980,ITCSOFT
STOCK10981,EGY
STOCK10982,FIN
STOCK10983,CDI
STOCK10984,ITC
STOCK10985,FIN
STOCK10986,HLC
STOCK10987,CST
STOCK10988,ITCSOFT
STOCK10989,UTL
STOCK10990,FIN
STOCK10991,FINBANK
STOCK10992,CST
STOCK10993,ITC
STOCK10994,UTL
STOCK10995,ITC
STOCK10996,IND
STOCK10997,IND
STOCK10998,UTL
STOCK10999,MAT
STOCK11000,EGY
STOCK11001,FINREAL
STOCK11002,HLC
STOCK11003,HLC
STOCK11004,EGY
STOCK11005,UTL
STOCK11006,FIN
STOCK11007,HLC
STOCK11008,HLC
STOCK11009,EGY
STOCK11010,HLC
STOCK11011,FINREAL
STOCK11012,UTL
STOCK11013,ITC
STOCK11014,CST
STOCK11015,CDI
STOCK11016,CDI
STOCK11017,ITCSOFT
STOCK11018,ITC
STOCK11019,FIN
STOCK11020,IND
STOCK11021,MAT
STOCK11022,CST
STOCK11023,ITCSOFT
STOCK11024,IND
STOCK11025,FINREAL
STOCK11026,MAT
STOCK11027,EGY
STOCK11028,FIN
STOCK11029,ITCSOFT
STOCK11030,FINREAL
STOCK11031,IND
STOCK11032,CST
STOCK11033,EGY
STOCK11034,FINBANK
STOCK11035,FIN
STOCK11036,FINREAL
STOCK11037,EGY
STOCK11038,FINBANK
STOCK11039,ITC
STOCK11040,MAT
STOCK11041,EGY
STOCK11042,MAT
STOCK11043,HLC
STOCK11044,ITCSOFT
STOCK11045,FIN
STOCK11046,IND
STOCK11047,UTL
STOCK11048,HLC
STOCK11049,FINBANK
STOCK11050,FIN
STOCK11051,ITC
STOCK11052,IND
STOCK11053,ITCSOFT
STOCK11054,CDI
STOCK11055,EGY
STOCK11056,IND
STOCK11057,CST
STOCK11058,CST
STOCK11059,EGY
STOCK11060,HLC
STOCK11061,UTL
STOCK11062,ITCSOFT
STOCK11063,EGY
STOCK11064,CDI
STOCK11065,ITCSOFT
STOCK11066,IND
STOCK11067,HLC
STOCK11068,ITC
STOCK11069,CDI
STOCK11070,MAT
STOCK11071,CST
STOCK11072,FIN
STOCK11073,EGY
STOCK11074,MAT
STOCK11075,FINREAL
STOCK11076,CST
STOCK11077,UTL
STOCK11078,FIN
STOCK11079,HLC
STOCK11080,IND
STOCK11081,FINREAL
STOCK11082,EGY
STOCK11083,FINBANK
STOCK11084,MAT
STOCK11085,CDI
STOCK11086,HLC
STOCK11087,CDI
STOCK11088,ITCSOFT
STOCK11089,HLC
STOCK11090,FIN
STOCK11091,MAT
STOCK11092,ITC
STOCK11093,IND
STOCK11094,IND
STOCK11095,FINBANK
STOCK11096,EGY
STOCK11097,FIN
STOCK11098,EGY
STOCK11099,CDI
STOCK11100,FIN
STOCK11101,MAT
STOCK11102,FIN
STOCK11103,ITC
STOCK11104,IND
STOCK11105,FIN
STOCK11106,FIN
STOCK11107,HLC
STOCK11108,IND
STOCK11109,FINBANK
STOCK11110,HLC
STOCK11111,HLC
STOCK11112,IND
STOCK11113,HLC
STOCK11114,FINBANK
STOCK11115,FINREAL
STOCK11116,MAT
STOCK11117,HLC
STOCK11118,HLC
STOCK11119,UTL
STOCK11120,HLC
STOCK11121,FIN
STOCK11122,MAT
STOCK11123,CST
STOCK11124,MAT
STOCK11125,FIN
STOCK11126,CDI
STOCK11127,FINREAL
STOCK11128,CDI
STOCK11129,IND
STOCK11130,CDI
STOCK11131,CDI
STOCK11132,ITCSOFT
STOCK11133,HLC
STOCK11134,ITCSOFT
STOCK11135,HLC
STOCK11136,UTL
STOCK11137,FINBANK
STOCK11138,UTL
STOCK11139,EGY
STOCK11140,FINREAL
STOCK11141,ITC
STOCK11142,IND
STOCK11143,ITCSOFT
STOCK11144,FINBANK
STOCK11145,HLC
STOCK11146,HLC
STOCK11147,IND
STOCK11148,EGY
STOCK11149,UTL
STOCK11150,ITCSOFT
STOCK11151,MAT
STOCK11152,UTL
STOCK11153,ITCSOFT
STOCK11154,MAT
STOCK11155,FIN
STOCK11156,HLC
STOCK11157,ITCSOFT
STOCK11158,FIN
STOCK11159,IND
STOCK11160,EGY
STOCK11161,ITC
STOCK11162,MAT
STOCK11163,ITCSOFT
STOCK11164,IND
STOCK11165,HLC
STOCK11166,IND
STOCK11167,FINBANK
STOCK11168,EGY
STOCK11169,EGY
STOCK11170,ITC
STOCK11171,FINREAL
STOCK11172,CST
STOCK11173,EGY
STOCK11174,CST
STOCK11175,MAT
STOCK11176,ITCSOFT
STOCK11177,FINREAL
STOCK11178,ITC
STOCK11179,ITC
STOCK11180,CDI
STOCK11181,MAT
STOCK11182,FINBANK
STOCK11183,FINREAL
STOCK11184,HLC
STOCK11185,MAT
STOCK11186,CDI
STOCK11187,FIN
STOCK11188,FIN
STOCK11189,UTL
STOCK11190,MAT
STOCK11191,ITC
STOCK11192,FIN
STOCK11193,FINBANK
STOCK11194,CST
STOCK11195,HLC
STOCK11196,IND
STOCK11197,CST
STOCK11198,FIN
STOCK11199,CDI
STOCK11200,IND
STOCK11201,FINREAL
STOCK11202,IND
STOCK11203,IND
STOCK11204,EGY
STOCK11205,EGY
STOCK11206,FINREAL
STOCK11207,ITCSOFT
STOCK11208,FINBANK
STOCK11209,MAT
STOCK11210,IND
STOCK11211,FINREAL
STOCK11212,MAT
STOCK11213,EGY
STOCK11214,HLC
STOCK11215,FIN
STOCK11216,FINBANK
STOCK11217,UTL
STOCK11218,ITCSOFT
STOCK11219,HLC
STOCK11220,FINBANK
STOCK11221,ITCSOFT
STOCK11222,IND
STOCK11223,FINBANK
STOCK11224,HLC
STOCK11225,FIN
STOCK11226,IND
STOCK11227,UTL
STOCK11228,ITC
STOCK11229,MAT
STOCK11230,HLC
STOCK11231,CDI
STOCK11232,CDI
STOCK11233,FINBANK
STOCK11234,FINREAL
STOCK11235,FIN
STOCK11236,CST
STOCK11237,HLC
STOCK11238,ITC
STOCK11239,ITC
STOCK11240,HLC
STOCK11241,IND
STOCK11242,ITCSOFT
STOCK11243,CST
STOCK11244,EGY
STOCK11245,CST
STOCK11246,ITC
STOCK11247,CDI
STOCK11248,FINBANK
STOCK11249,FIN
STOCK11250,HLC
STOCK11251,UTL
STOCK11252,ITCSOFT
STOCK11253,ITC
STOCK11254,FINREAL
STOCK11255,FIN
STOCK11256,ITCSOFT
STOCK11257,FIN
STOCK11258,HLC
STOCK11259,MAT
STOCK11260,HLC
STOCK11261,FINREAL
STOCK11262,HLC
STOCK11263,IND
STOCK11264,FIN
STOCK11265,UTL
STOCK11266,CST
STOCK11267,ITC
STOCK11268,HLC
STOCK11269,HLC
STOCK11270,ITCSOFT
STOCK11271,ITC
STOCK11272,CDI
STOCK11273,FIN
STOCK11274,HLC
STOCK11275,ITC
STOCK11276,MAT
STOCK11277,MAT
STOCK11278,ITC
STOCK11279,ITC
STOCK11280,IND
STOCK11281,CST
STOCK11282,CDI
STOCK11283,FINBANK
STOCK11284,FINREAL
STOCK11285,CDI
STOCK11286,IND
STOCK11287,HLC
STOCK11288,FINREAL
STOCK11289,CST
STOCK11290,ITC
STOCK11291,CST
STOCK11292,FIN
STOCK11293,UTL
STOCK11294,MAT
STOCK11295,HLC
STOCK11296,FIN
STOCK11297,MAT
STOCK11298,HLC
STOCK11299,ITCSOFT
STOCK11300,FINREAL
STOCK11301,EGY
STOCK11302,FIN
STOCK11303,HLC
STOCK11304,IND
STOCK11305,ITC
STOCK11306,MAT
STOCK11307,FINBANK
STOCK11308,FIN
STOCK11309,IND
STOCK11310,ITC
STOCK11311,EGY
STOCK11312,FIN
STOCK11313,CDI
STOCK11314,UTL
STOCK11315,FINBANK
STOCK11316,HLC
STOCK11317,FINREAL
STOCK11318,ITC
STOCK11319,EGY
STOCK11320,EGY
STOCK11321,HLC
STOCK11322,HLC
STOCK11323,HLC
STOCK11324,UTL
STOCK11325,MAT
STOCK11326,HLC
STOCK11327,EGY
STOCK11328,FINREAL
STOCK11329,CST
STOCK11330,UTL
STOCK11331,ITC
STOCK11332,FIN
STOCK11333,MAT
STOCK11334,EGY
STOCK11335,HLC
STOCK11336,ITC
STOCK11337,CST
STOCK11338,IND
STOCK11339,IND
STOCK11340,HLC
STOCK11341,FINBANK
STOCK11342,CDI
STOCK11343,ITC
STOCK11344,FIN
STOCK11345,MAT
STOCK11346,IND
STOCK11347,HLC
STOCK11348,MAT
STOCK11349,CST
STOCK11350,CDI
STOCK11351,FINREAL
STOCK11352,ITCSOFT
STOCK11353,HLC
STOCK11354,CST
STOCK11355,MAT
STOCK11356,EGY
STOCK11357,ITC
STOCK11358,EGY
STOCK11359,UTL
STOCK11360,HLC
STOCK11361,ITCSOFT
STOCK11362,HLC
STOCK11363,ITCSOFT
STOCK11364,FINBANK
STOCK11365,MAT
STOCK11366,EGY
STOCK11367,MAT
STOCK11368,UTL
STOCK11369,FIN
STOCK11370,FIN
STOCK11371,EGY
STOCK11372,EGY
STOCK11373,MAT
STOCK11374,FINREAL
STOCK11375,HLC
STOCK11376,ITC
STOCK11377,MAT
STOCK11378,CST
STOCK11379,MAT
STOCK11380,IND
STOCK11381,FINREAL
STOCK11382,CDI
STOCK11383,FIN
STOCK11384,ITCSOFT
STOCK11385,HLC
STOCK11386,ITC
STOCK11387,EGY
STOCK11388,MAT
STOCK11389,IND
STOCK11390,FIN
STOCK11391,HLC
STOCK11392,HLC
STOCK11393,HLC
STOCK11394,UTL
STOCK11395,ITC
STOCK11396,IND
STOCK11397,IND
STOCK11398,EGY
STOCK11399,ITCSOFT
STOCK11400,IND
STOCK11401,UTL
STOCK11402,FINREAL
STOCK11403,MAT
STOCK11404,IND
STOCK11405,UTL
STOCK11406,HLC
STOCK11407,HLC
STOCK11408,CST
STOCK11409,CDI
STOCK11410,HLC
STOCK11411,HLC
STOCK11412,ITCSOFT
STOCK11413,IND
STOCK11414,HLC
STOCK11415,MAT
STOCK11416,MAT
STOCK11417,CDI
STOCK11418,CDI
STOCK11419,FINREAL
STOCK11420,UTL
STOCK11421,CST
STOCK11422,CST
STOCK11423,CST
STOCK11424,CST
STOCK11425,FINBANK
STOCK11426,CDI
STOCK11427,CST
STOCK11428,EGY
STOCK11429,MAT
STOCK11430,FINREAL
STOCK11431,FINREAL
STOCK11432,UTL
STOCK11433,FIN
STOCK11434,MAT
STOCK11435,CST
STOCK11436,ITCSOFT
STOCK11437,UTL
STOCK11438,FINBANK
STOCK11439,HLC
STOCK11440,ITC
STOCK11441,IND
STOCK11442,HLC
STOCK11443,UTL
STOCK11444,FINBANK
STOCK11445,FINBANK
STOCK11446,ITC
STOCK11447,FINREAL
STOCK11448,FINREAL
STOCK11449,CDI
STOCK11450,HLC
STOCK11451,ITC
STOCK11452,HLC
STOCK11453,IND
STOCK11454,FIN
STOCK11455,ITCSOFT
STOCK11456,HLC
STOCK11457,HLC
STOCK11458,IND
STOCK11459,FIN
STOCK11460,IND
STOCK11461,CST
STOCK11462,FINREAL
STOCK11463,FIN
STOCK11464,FINREAL
STOCK11465,IND
STOCK11466,FIN
STOCK11467,ITCSOFT
STOCK11468,ITC
STOCK11469,ITCSOFT
STOCK11470,ITCSOFT
STOCK11471,CST
STOCK11472,ITC
STOCK11473,FIN
STOCK11474,FINBANK
STOCK11475,HLC
STOCK11476,IND
STOCK11477,FIN
STOCK11478,ITC
STOCK11479,CDI
STOCK11480,IND
STOCK11481,UTL
STOCK11482,HLC
STOCK11483,HLC
STOCK11484,UTL
STOCK11485,MAT
STOCK11486,MAT
STOCK11487,FINREAL
STOCK11488,FINREAL
STOCK11489,FINREAL
STOCK11490,FINREAL
STOCK11491,EGY
STOCK11492,CST
STOCK11493,HLC
STOCK11494,ITC
STOCK11495,MAT
STOCK11496,UTL
STOCK11497,UTL
STOCK11498,CST
STOCK11499,HLC
STOCK11500,CST
STOCK11501,ITCSOFT
STOCK11502,ITC
STOCK11503,MAT
STOCK11504,MAT
STOCK11505,FINBANK
STOCK11506,IND
STOCK11507,EGY
STOCK11508,FINREAL
STOCK11509,HLC
STOCK11510,FINBANK
STOCK11511,IND
STOCK11512,HLC
STOCK11513,FINBANK
STOCK11514,CDI
STOCK11515,UTL
STOCK11516,CDI
STOCK11517,IND
STOCK11518,FINREAL
STOCK11519,FIN
STOCK11520,FINREAL
STOCK11521,MAT
STOCK11522,CST
STOCK11523,ITCSOFT
STOCK11524,FINBANK
STOCK11525,FIN
STOCK11526,ITC
STOCK11527,FINREAL
STOCK11528,UTL
STOCK11529,IND
STOCK11530,MAT
STOCK11531,MAT
STOCK11532,CDI
STOCK11533,FINBANK
STOCK11534,IND
STOCK11535,ITC
STOCK11536,ITCSOFT
STOCK11537,IND
STOCK11538,EGY
STOCK11539,EGY
STOCK11540,CST
STOCK11541,EGY
STOCK11542,EGY
STOCK11543,HLC
STOCK11544,IND
STOCK11545,UTL
STOCK11546,EGY
STOCK11547,HLC
STOCK11548,FINBANK
STOCK11549,HLC
STOCK11550,CST
STOCK11551,CST
STOCK11552,UTL
STOCK11553,FINBANK
STOCK11554,FIN
STOCK11555,HLC
STOCK11556,MAT
STOCK11557,CDI
STOCK11558,IND
STOCK11559,IND
STOCK11560,IND
STOCK11561,FIN
STOCK11562,FINBANK
STOCK11563,FINREAL
STOCK11564,FIN
STOCK11565,FINREAL
STOCK11566,ITC
STOCK11567,ITC
STOCK11568,HLC
STOCK11569,IND
STOCK11570,FINREAL
STOCK11571,FIN
STOCK11572,FINBANK
STOCK11573,EGY
STOCK11574,CST
STOCK11575,EGY
STOCK11576,FIN
STOCK11577,FINBANK
STOCK11578,CDI
STOCK11579,ITCSOFT
STOCK11580,UTL
STOCK11581,FINBANK
STOCK11582,UTL
STOCK11583,UTL
STOCK11584,CST
STOCK11585,FINREAL
STOCK11586,HLC
STOCK11587,FINREAL
STOCK11588,HLC
STOCK11589,ITC
STOCK11590,CDI
STOCK11591,EGY
STOCK11592,EGY
STOCK11593,EGY
STOCK11594,UTL
STOCK11595,HLC
STOCK11596,FIN
STOCK11597,CDI
STOCK11598,CDI
STOCK11599,ITCSOFT
STOCK11600,EGY
STOCK11601,MAT
STOCK11602,EGY
STOCK11603,MAT
STOCK11604,CST
STOCK11605,EGY
STOCK11606,FIN
STOCK11607,CDI
STOCK11608,FIN
STOCK11609,FINBANK
STOCK11610,FIN
STOCK11611,UTL
STOCK11612,HLC
STOCK11613,CST
STOCK11614,ITC
STOCK11615,ITCSOFT
STOCK11616,EGY
STOCK11617,FIN
STOCK11618,CDI
STOCK11619,FIN
STOCK11620,ITCSOFT
STOCK11621,CST
STOCK11622,CST
STOCK11623,FIN
STOCK11624,EGY
STOCK11625,ITC
STOCK11626,ITCSOFT
STOCK11627,MAT
STOCK11628,UTL
STOCK11629,HLC
STOCK11630,FINBANK
STOCK11631,CDI
STOCK11632,HLC
STOCK11633,FIN
STOCK11634,CST
STOCK11635,HLC
STOCK11636,FINREAL
STOCK11637,FINBANK
STOCK11638,ITCSOFT
STOCK11639,CST
STOCK11640,FINREAL
STOCK11641,HLC
STOCK11642,HLC
STOCK11643,FINREAL
STOCK11644,ITCSOFT
STOCK11645,FINBANK
STOCK11646,CDI
STOCK11647,FIN
STOCK11648,ITCSOFT
STOCK11649,HLC
STOCK11650,HLC
STOCK11651,IND
STOCK11652,ITCSOFT
STOCK11653,FINBANK
STOCK11654,FINBANK
STOCK11655,HLC
STOCK11656,CDI
STOCK11657,FINBANK
STOCK11658,UTL
STOCK11659,CDI
STOCK11660,ITC
STOCK11661,UTL
STOCK11662,FIN
STOCK11663,HLC
STOCK11664,UTL
STOCK11665,EGY
STOCK11666,CDI
STOCK11667,FINBANK
STOCK11668,ITC
STOCK11669,HLC
STOCK11670,UTL
STOCK11671,CST
STOCK11672,HLC
STOCK11673,IND
STOCK11674,FINREAL
STOCK11675,CST
STOCK11676,FIN
STOCK11677,CST
STOCK11678,ITCSOFT
STOCK11679,UTL
STOCK11680,HLC
STOCK11681,CDI
STOCK11682,FIN
STOCK11683,CDI
STOCK11684,HLC
STOCK11685,CST
STOCK11686,FIN
STOCK11687,ITC
STOCK11688,FINREAL
STOCK11689,EGY
STOCK11690,FIN
STOCK11691,FINREAL
STOCK11692,FINREAL
STOCK11693,ITCSOFT
STOCK11694,FINREAL
STOCK11695,CDI
STOCK11696,UTL
STOCK11697,CDI
STOCK11698,ITCSOFT
STOCK11699,EGY
STOCK11700,HLC
STOCK11701,HLC
STOCK11702,IND
STOCK11703,IND
STOCK11704,HLC
STOCK11705,FINBANK
STOCK11706,FINBANK
STOCK11707,FIN
STOCK11708,FIN
STOCK11709,MAT
STOCK11710,FINREAL
STOCK11711,FINBANK
STOCK11712,FIN
STOCK11713,IND
STOCK11714,FINBANK
STOCK11715,CST
STOCK11716,ITC
STOCK11717,HLC
STOCK11718,FIN
STOCK11719,FIN
STOCK11720,HLC
STOCK11721,ITCSOFT
STOCK11722,FIN
STOCK11723,CST
STOCK11724,HLC
STOCK11725,MAT
STOCK11726,IND
STOCK11727,EGY
STOCK11728,HLC
STOCK11729,IND
STOCK11730,FINBANK
STOCK11731,FINREAL
STOCK11732,IND
STOCK11733,IND
STOCK11734,HLC
STOCK11735,HLC
STOCK11736,CST
STOCK11737,IND
STOCK11738,FINREAL
STOCK11739,CST
STOCK11740,ITCSOFT
STOCK11741,FINBANK
STOCK11742,HLC
STOCK11743,ITCSOFT
STOCK11744,UTL
STOCK11745,HLC
STOCK11746,IND
STOCK11747,CST
STOCK11748,HLC
STOCK11749,CST
STOCK11750,MAT
STOCK11751,IND
STOCK11752,UTL
STOCK11753,CDI
STOCK11754,FINBANK
STOCK11755,EGY
STOCK11756,CDI
STOCK11757,FIN
STOCK11758,ITCSOFT
STOCK11759,UTL
STOCK11760,HLC
STOCK11761,CDI
STOCK11762,IND
STOCK11763,ITCSOFT
STOCK11764,FINREAL
STOCK11765,EGY
STOCK11766,CST
STOCK11767,HLC
STOCK11768,ITCSOFT
STOCK11769,CDI
STOCK11770,UTL
STOCK11771,CST
STOCK11772,CST
STOCK11773,ITCSOFT
STOCK11774,EGY
STOCK11775,MAT
STOCK11776,HLC
STOCK11777,CST
STOCK11778,FIN
STOCK11779,CDI
STOCK11780,ITCSOFT
STOCK11781,IND
STOCK11782,ITC
STOCK11783,HLC
STOCK11784,FIN
STOCK11785,MAT
STOCK11786,ITC
STOCK11787,FINBANK
STOCK11788,ITCSOFT
STOCK11789,HLC
STOCK11790,IND
STOCK11791,ITCSOFT
STOCK11792,MAT
STOCK11793,HLC
STOCK11794,UTL
STOCK11795,FINREAL
STOCK11796,IND
STOCK11797,FIN
STOCK11798,CST
STOCK11799,CST
STOCK11800,FINBANK
STOCK11801,HLC
STOCK11802,FINREAL
STOCK11803,FIN
STOCK11804,EGY
STOCK11805,EGY
STOCK11806,CDI
STOCK11807,FINREAL
STOCK11808,FIN
STOCK11809,IND
STOCK11810,CST
STOCK11811,FINBANK
STOCK11812,IND
STOCK11813,HLC
STOCK11814,HLC
STOCK11815,MAT
STOCK11816,HLC
STOCK11817,FINREAL
STOCK11818,ITCSOFT
STOCK11819,IND
STOCK11820,CST
STOCK11821,IND
STOCK11822,FINBANK
STOCK11823,ITCSOFT
STOCK11824,CST
STOCK11825,UTL
STOCK11826,FINREAL
STOCK11827,EGY
STOCK11828,UTL
STOCK11829,HLC
STOCK11830,FINREAL
STOCK11831,ITCSOFT
STOCK11832,HLC
STOCK11833,HLC
STOCK11834,HLC
STOCK11835,ITCSOFT
STOCK11836,HLC
STOCK11837,CST
STOCK11838,MAT
STOCK11839,FINBANK
STOCK11840,CST
STOCK11841,EGY
STOCK11842,FINBANK
STOCK11843,HLC
STOCK11844,FIN
STOCK11845,ITC
STOCK11846,IND
STOCK11847,FINBANK
STOCK11848,FINREAL
STOCK11849,FINBANK
STOCK11850,ITCSOFT
STOCK11851,CDI
STOCK11852,MAT
STOCK11853,UTL
STOCK11854,HLC
STOCK11855,EGY
STOCK11856,HLC
STOCK11857,IND
STOCK11858,EGY
STOCK11859,ITCSOFT
STOCK11860,FINREAL
STOCK11861,MAT
STOCK11862,MAT
STOCK11863,UTL
STOCK11864,EGY
STOCK11865,HLC
STOCK11866,ITC
STOCK11867,ITC
STOCK11868,HLC
STOCK11869,HLC
STOCK11870,FINREAL
STOCK11871,IND
STOCK11872,ITCSOFT
STOCK11873,FIN
STOCK11874,CST
STOCK11875,UTL
STOCK11876,HLC
STOCK11877,ITCSOFT
STOCK11878,CDI
STOCK11879,FIN
STOCK11880,FINREAL
STOCK11881,FINREAL
STOCK11882,ITCSOFT
STOCK11883,EGY
STOCK11884,UTL
STOCK11885,ITCSOFT
STOCK11886,ITCSOFT
STOCK11887,EGY
STOCK11888,FINBANK
STOCK11889,FIN
STOCK11890,CDI
STOCK11891,FINBANK
STOCK11892,ITC
STOCK11893,HLC
STOCK11894,MAT
STOCK11895,EGY
STOCK11896,FINREAL
STOCK11897,CDI
STOCK11898,MAT
STOCK11899,FIN
STOCK11900,FINBANK
STOCK11901,ITCSOFT
STOCK11902,UTL
STOCK11903,MAT
STOCK11904,IND
STOCK11905,CDI
STOCK11906,ITCSOFT
STOCK11907,FIN
STOCK11908,ITC
STOCK11909,FINBANK
STOCK11910,CDI
STOCK11911,HLC
STOCK11912,MAT
STOCK11913,CDI
STOCK11914,ITCSOFT
STOCK11915,FINREAL
STOCK11916,HLC
STOCK11917,IND
STOCK11918,FINREAL
STOCK11919,UTL
STOCK11920,CDI
STOCK11921,FIN
STOCK11922,ITC
STOCK11923,IND
STOCK11924,EGY
STOCK11925,MAT
STOCK11926,EGY
STOCK11927,FIN
STOCK11928,HLC
STOCK11929,FINBANK
STOCK11930,HLC
STOCK11931,ITC
STOCK11932,FIN
STOCK11933,ITC
STOCK11934,ITC
STOCK11935,CDI
STOCK11936,ITC
STOCK11937,IND
STOCK11938,HLC
STOCK11939,CST
STOCK11940,HLC
STOCK11941,ITC
STOCK11942,HLC
STOCK11943,FINREAL
STOCK11944,MAT
STOCK11945,ITC
STOCK11946,MAT
STOCK11947,HLC
STOCK11948,CDI
STOCK11949,EGY
STOCK11950,IND
STOCK11951,IND
STOCK11952,FINREAL
STOCK11953,MAT
STOCK11954,FIN
STOCK11955,HLC
STOCK11956,IND
STOCK11957,HLC
STOCK11958,HLC
STOCK11959,FINREAL
STOCK11960,UTL
STOCK11961,HLC
STOCK11962,CDI
STOCK11963,EGY
STOCK11964,IND
STOCK11965,ITC
STOCK11966,UTL
STOCK11967,FINREAL
STOCK11968,EGY
STOCK11969,FINBANK
STOCK11970,FIN
STOCK11971,HLC
STOCK11972,ITCSOFT
STOCK11973,MAT
STOCK11974,UTL
STOCK11975,ITC
STOCK11976,ITCSOFT
STOCK11977,UTL
STOCK11978,UTL
STOCK11979,HLC
STOCK11980,HLC
STOCK11981,ITCSOFT
STOCK11982,EGY
STOCK11983,ITC
STOCK11984,HLC
STOCK11985,ITCSOFT
STOCK11986,HLC
STOCK11987,ITC
STOCK11988,FINREAL
STOCK11989,HLC
STOCK11990,ITC
STOCK11991,FINREAL
STOCK11992,FINBANK
STOCK11993,ITCSOFT
STOCK11994,FINREAL
STOCK11995,IND
STOCK11996,FINREAL
STOCK11997,FINBANK
STOCK11998,FINREAL
STOCK11999,HLC
STOCK12000,FIN
STOCK12001,FIN
STOCK12002,MAT
STOCK12003,UTL
STOCK12004,FINREAL
STOCK12005,UTL
STOCK12006,EGY
STOCK12007,HLC
STOCK12008,UTL
STOCK12009,IND
STOCK12010,ITC
STOCK12011,HLC
STOCK12012,HLC
STOCK12013,EGY
STOCK12014,UTL
STOCK12015,HLC
STOCK12016,ITCSOFT
STOCK12017,CDI
STOCK12018,CST
STOCK12019,FINREAL
STOCK12020,CST
STOCK12021,FINREAL
STOCK12022,MAT
STOCK12023,FINREAL
STOCK12024,CDI
STOCK12025,CST
STOCK12026,MAT
STOCK12027,ITCSOFT
STOCK12028,CST
STOCK12029,HLC
STOCK12030,EGY
STOCK12031,ITC
STOCK12032,IND
STOCK12033,HLC
STOCK12034,ITC
STOCK12035,FINREAL
STOCK12036,FIN
STOCK12037,HLC
STOCK12038,UTL
STOCK12039,CDI
STOCK12040,ITC
STOCK12041,FINBANK
STOCK12042,ITC
STOCK12043,FINREAL
STOCK12044,ITCSOFT
STOCK12045,HLC
STOCK12046,MAT
STOCK12047,ITCSOFT
STOCK12048,CDI
STOCK12049,FIN
STOCK12050,MAT
STOCK12051,FINREAL
STOCK12052,HLC
STOCK12053,UTL
STOCK12054,FINREAL
STOCK12055,ITC
STOCK12056,EGY
STOCK12057,FINREAL
STOCK12058,HLC
STOCK12059,EGY
STOCK12060,IND
STOCK12061,IND
STOCK12062,UTL
STOCK12063,ITCSOFT
STOCK12064,UTL
STOCK12065,ITCSOFT
STOCK12066,UTL
STOCK12067,MAT
STOCK12068,FIN
STOCK12069,FINREAL
STOCK12070,HLC
STOCK12071,IND
STOCK12072,CDI
STOCK12073,FIN
STOCK12074,IND
STOCK12075,IND
STOCK12076,FINREAL
STOCK12077,ITCSOFT
STOCK12078,ITC
STOCK12079,ITCSOFT
STOCK12080,ITC
STOCK12081,HLC
STOCK12082,MAT
STOCK12083,HLC
STOCK12084,ITC
STOCK12085,HLC
STOCK12086,ITCSOFT
STOCK12087,FINREAL
STOCK12088,HLC
STOCK12089,EGY
STOCK12090,ITC
STOCK12091,HLC
STOCK12092,HLC
STOCK12093,IND
STOCK12094,IND
STOCK12095,FINREAL
STOCK12096,UTL
STOCK12097,ITCSOFT
STOCK12098,UTL
STOCK12099,FINREAL
STOCK12100,CDI
STOCK12101,IND
STOCK12102,FIN
STOCK12103,EGY
STOCK12104,CST
STOCK12105,ITCSOFT
STOCK12106,UTL
STOCK12107,CDI
STOCK12108,MAT
STOCK12109,FIN
STOCK12110,MAT
STOCK12111,CDI
STOCK12112,CST
STOCK12113,EGY
STOCK12114,FINREAL
STOCK12115,CDI
STOCK12116,HLC
STOCK12117,MAT
STOCK12118,FINBANK
STOCK12119,EGY
STOCK12120,ITC
STOCK12121,ITCSOFT
STOCK12122,FINBANK
STOCK12123,HLC
STOCK12124,UTL
STOCK12125,HLC
STOCK12126,FINREAL
STOCK12127,CDI
STOCK12128,FINREAL
STOCK12129,HLC
STOCK12130,MAT
STOCK12131,FINBANK
STOCK12132,MAT
STOCK12133,FINREAL
STOCK12134,HLC
STOCK12135,UTL
STOCK12136,UTL
STOCK12137,MAT
STOCK12138,ITCSOFT
STOCK12139,MAT
STOCK12140,CDI
STOCK12141,IND
STOCK12142,ITCSOFT
STOCK12143,CDI
STOCK12144,FIN
STOCK12145,MAT
STOCK12146,CDI
STOCK12147,MAT
STOCK12148,HLC
STOCK12149,FIN
STOCK12150,ITCSOFT
STOCK12151,CST
STOCK12152,CDI
STOCK12153,MAT
STOCK12154,EGY
STOCK12155,EGY
STOCK12156,MAT
STOCK12157,FINREAL
STOCK12158,HLC
STOCK12159,FINREAL
STOCK12160,HLC
STOCK12161,EGY
STOCK12162,ITC
STOCK12163,CST
STOCK12164,HLC
STOCK12165,FINREAL
STOCK12166,CDI
STOCK12167,HLC
STOCK12168,UTL
STOCK12169,CDI
STOCK12170,CDI
STOCK12171,CDI
STOCK12172,CST
STOCK12173,ITC
STOCK12174,FINBANK
STOCK12175,HLC
STOCK12176,FINBANK
STOCK12177,FINBANK
STOCK12178,MAT
STOCK12179,ITC
STOCK12180,CDI
STOCK12181,ITC
STOCK12182,FIN
STOCK12183,ITC
STOCK12184,FINREAL
STOCK12185,EGY
STOCK12186,IND
STOCK12187,FINBANK
STOCK12188,FIN
STOCK12189,UTL
STOCK12190,CST
STOCK12191,ITC
STOCK12192,ITCSOFT
STOCK12193,FIN
STOCK12194,IND
STOCK12195,ITC
STOCK12196,FIN
STOCK12197,CST
STOCK12198,ITCSOFT
STOCK12199,CDI
STOCK12200,IND
STOCK12201,HLC
STOCK12202,UTL
STOCK12203,FINBANK
STOCK12204,FIN
STOCK12205,FINREAL
STOCK12206,FINBANK
STOCK12207,HLC
STOCK12208,HLC
STOCK12209,FINBANK
STOCK12210,UTL
STOCK12211,HLC
STOCK12212,HLC
STOCK12213,EGY
STOCK12214,UTL
STOCK12215,IND
STOCK12216,CDI
STOCK12217,ITC
STOCK12218,FINBANK
STOCK12219,ITC
STOCK12220,IND
STOCK12221,CST
STOCK12222,CST
STOCK12223,FIN
STOCK12224,FINREAL
STOCK12225,UTL
STOCK12226,FINREAL
STOCK12227,IND
STOCK12228,CST
STOCK12229,FINREAL
STOCK12230,MAT
STOCK12231,CST
STOCK12232,FINREAL
STOCK12233,HLC
STOCK12234,HLC
STOCK12235,HLC
STOCK12236,FINBANK
STOCK12237,HLC
STOCK12238,HLC
STOCK12239,HLC
STOCK12240,FINBANK
STOCK12241,FINBANK
STOCK12242,FIN
STOCK12243,FIN
STOCK12244,ITC
STOCK12245,ITC
STOCK12246,ITCSOFT
STOCK12247,ITC
STOCK12248,EGY
STOCK12249,CDI
STOCK12250,FINREAL
STOCK12251,HLC
STOCK12252,ITCSOFT
STOCK12253,EGY
STOCK12254,FIN
STOCK12255,FIN
STOCK12256,MAT
STOCK12257,ITCSOFT
STOCK12258,ITC
STOCK12259,ITCSOFT
STOCK12260,UTL
STOCK12261,UTL
STOCK12262,CDI
STOCK12263,CDI
STOCK12264,UTL
STOCK12265,CDI
STOCK12266,EGY
STOCK12267,ITC
STOCK12268,FINREAL
STOCK12269,MAT
STOCK12270,MAT
STOCK12271,CDI
STOCK12272,FINREAL
STOCK12273,CST
STOCK12274,ITC
STOCK12275,ITC
STOCK12276,FINBANK
STOCK12277,CST
STOCK12278,CDI
STOCK12279,HLC
STOCK12280,FINREAL
STOCK12281,HLC
STOCK12282,CDI
STOCK12283,FINREAL
STOCK12284,CDI
STOCK12285,UTL
STOCK12286,FIN
STOCK12287,MAT
STOCK12288,ITC
STOCK12289,HLC
STOCK12290,EGY
STOCK12291,FIN
STOCK12292,IND
STOCK12293,FINBANK
STOCK12294,FIN
STOCK12295,IND
STOCK12296,HLC
STOCK12297,EGY
STOCK12298,HLC
STOCK12299,ITCSOFT
STOCK12300,HLC
STOCK12301,EGY
STOCK12302,MAT
STOCK12303,CST
STOCK12304,MAT
STOCK12305,CDI
STOCK12306,ITC
STOCK12307,HLC
STOCK12308,IND
STOCK12309,HLC
STOCK12310,ITC
STOCK12311,ITC
STOCK12312,IND
STOCK12313,CST
STOCK12314,CDI
STOCK12315,HLC
STOCK12316,FIN
STOCK12317,CDI
STOCK12318,HLC
STOCK12319,UTL
STOCK12320,FINBANK
STOCK12321,CDI
STOCK12322,HLC
STOCK12323,ITC
STOCK12324,HLC
STOCK12325,HLC
STOCK12326,MAT
STOCK12327,HLC
STOCK12328,UTL
STOCK12329,MAT
STOCK12330,CDI
STOCK12331,HLC
STOCK12332,FIN
STOCK12333,HLC
STOCK12334,ITC
STOCK12335,HLC
STOCK12336,FINBANK
STOCK12337,FINREAL
STOCK12338,FINBANK
STOCK12339,IND
STOCK12340,EGY
STOCK12341,FINBANK
STOCK12342,CST
STOCK12343,FIN
STOCK12344,IND
STOCK12345,MAT
STOCK12346,FINBANK
STOCK12347,CDI
STOCK12348,ITCSOFT
STOCK12349,HLC
STOCK12350,ITCSOFT
STOCK12351,FINBANK
STOCK12352,UTL
STOCK12353,HLC
STOCK12354,FIN
STOCK12355,IND
STOCK12356,ITCSOFT
STOCK12357,ITCSOFT
STOCK12358,UTL
STOCK12359,ITC
STOCK12360,ITCSOFT
STOCK12361,CDI
STOCK12362,CDI
STOCK12363,CDI
STOCK12364,FIN
STOCK12365,ITC
STOCK12366,EGY
STOCK12367,MAT
STOCK12368,EGY
STOCK12369,CDI
STOCK12370,ITCSOFT
STOCK12371,HLC
STOCK12372,HLC
STOCK12373,EGY
STOCK12374,ITCSOFT
STOCK12375,FIN
STOCK12376,MAT
STOCK12377,FINREAL
STOCK12378,MAT
STOCK12379,ITCSOFT
STOCK12380,FIN
STOCK12381,EGY
STOCK12382,CST
STOCK12383,FIN
STOCK12384,HLC
STOCK12385,FINBANK
STOCK12386,FINBANK
STOCK12387,IND
STOCK12388,HLC
STOCK12389,MAT
STOCK12390,MAT
STOCK12391,CDI
STOCK12392,CST
STOCK12393,CST
STOCK12394,FIN
STOCK12395,UTL
STOCK12396,FINBANK
STOCK12397,ITCSOFT
STOCK12398,HLC
STOCK12399,MAT
STOCK12400,HLC
STOCK12401,CST
STOCK12402,EGY
STOCK12403,FINBANK
STOCK12404,FINREAL
STOCK12405,IND
STOCK12406,MAT
STOCK12407,IND
STOCK12408,ITC
STOCK12409,CDI
STOCK12410,MAT
STOCK12411,FINBANK
STOCK12412,FIN
STOCK12413,ITCSOFT
STOCK12414,UTL
STOCK12415,CDI
STOCK12416,IND
STOCK12417,FINBANK
STOCK12418,FIN
STOCK12419,EGY
STOCK12420,UTL
STOCK12421,EGY
STOCK12422,ITC
STOCK12423,IND
STOCK12424,FINREAL
STOCK12425,HLC
STOCK12426,UTL
STOCK12427,IND
STOCK12428,FIN
STOCK12429,HLC
STOCK12430,HLC
STOCK12431,ITC
STOCK12432,ITCSOFT
STOCK12433,HLC
STOCK12434,ITCSOFT
STOCK12435,HLC
STOCK12436,FINREAL
STOCK12437,MAT
STOCK12438,ITC
STOCK12439,CDI
STOCK12440,IND
STOCK12441,FINREAL
STOCK12442,CST
STOCK12443,CST
STOCK12444,HLC
STOCK12445,FINREAL
STOCK12446,ITCSOFT
STOCK12447,CST
STOCK12448,EGY
STOCK12449,EGY
STOCK12450,ITC
STOCK12451,CDI
STOCK12452,FIN
STOCK12453,ITCSOFT
STOCK12454,EGY
STOCK12455,FINREAL
STOCK12456,CDI
STOCK12457,CDI
STOCK12458,FINREAL
STOCK12459,FIN
STOCK12460,FINBANK
STOCK12461,IND
STOCK12462,EGY
STOCK12463,FINBANK
STOCK12464,IND
STOCK12465,FINREAL
STOCK12466,FIN
STOCK12467,MAT
STOCK12468,CST
STOCK12469,CST
STOCK12470,UTL
STOCK12471,FINREAL
STOCK12472,MAT
STOCK12473,IND
STOCK12474,IND
STOCK12475,ITC
STOCK12476,CST
STOCK12477,ITCSOFT
STOCK12478,IND
STOCK12479,EGY
STOCK12480,IND
STOCK12481,CST
STOCK12482,FINBANK
STOCK12483,MAT
STOCK12484,ITC
STOCK12485,EGY
STOCK12486,IND
STOCK12487,ITC
STOCK12488,FIN
STOCK12489,HLC
STOCK12490,MAT
STOCK12491,EGY
STOCK12492,HLC
STOCK12493,CDI
STOCK12494,HLC
STOCK12495,UTL
STOCK12496,HLC
STOCK12497,CST
STOCK12498,FIN
STOCK12499,HLC
STOCK12500,IND
STOCK12501,MAT
STOCK12502,FINREAL
STOCK12503,FINREAL
STOCK12504,FIN
STOCK12505,FIN
STOCK12506,HLC
STOCK12507,FINBANK
STOCK12508,EGY
STOCK12509,FINBANK
STOCK12510,FINREAL
STOCK12511,HLC
STOCK12512,MAT
STOCK12513,UTL
STOCK12514,EGY
STOCK12515,CDI
STOCK12516,CDI
STOCK12517,IND
STOCK12518,FINREAL
STOCK12519,ITC
STOCK12520,FINBANK
STOCK12521,FIN
STOCK12522,CST
STOCK12523,MAT
STOCK12524,FINREAL
STOCK12525,FINREAL
STOCK12526,CST
STOCK12527,ITCSOFT
STOCK12528,ITC
STOCK12529,UTL
STOCK12530,FINREAL
STOCK12531,ITCSOFT
STOCK12532,HLC
STOCK12533,HLC
STOCK12534,FIN
STOCK12535,EGY
STOCK12536,CDI
STOCK12537,HLC
STOCK12538,IND
STOCK12539,ITCSOFT
STOCK12540,ITCSOFT
STOCK12541,MAT
STOCK12542,IND
STOCK12543,HLC
STOCK12544,ITCSOFT
STOCK12545,MAT
STOCK12546,IND
STOCK12547,ITC
STOCK12548,ITCSOFT
STOCK12549,IND
STOCK12550,FINBANK
STOCK12551,UTL
STOCK12552,FINREAL
STOCK12553,ITCSOFT
STOCK12554,EGY
STOCK12555,FIN
STOCK12556,FINREAL
STOCK12557,ITCSOFT
STOCK12558,EGY
STOCK12559,IND
STOCK12560,CST
STOCK12561,HLC
STOCK12562,FINREAL
STOCK12563,CDI
STOCK12564,ITCSOFT
STOCK12565,FIN
STOCK12566,EGY
STOCK12567,CST
STOCK12568,IND
STOCK12569,FIN
STOCK12570,FIN
STOCK12571,HLC
STOCK12572,IND
STOCK12573,ITCSOFT
STOCK12574,MAT
STOCK12575,UTL
STOCK12576,MAT
STOCK12577,ITC
STOCK12578,MAT
STOCK12579,MAT
STOCK12580,UTL
STOCK12581,ITCSOFT
STOCK12582,HLC
STOCK12583,MAT
STOCK12584,ITCSOFT
STOCK12585,CST
STOCK12586,FIN
STOCK12587,CST
STOCK12588,FINREAL
STOCK12589,FINREAL
STOCK12590,FIN
STOCK12591,FINBANK
STOCK12592,ITC
STOCK12593,FINREAL
STOCK12594,ITCSOFT
STOCK12595,CST
STOCK12596,ITC
STOCK12597,CDI
STOCK12598,IND
STOCK12599,FINREAL
STOCK12600,ITC
STOCK12601,IND
STOCK12602,EGY
STOCK12603,MAT
STOCK12604,EGY
STOCK12605,FINREAL
STOCK12606,IND
STOCK12607,ITCSOFT
STOCK12608,HLC
STOCK12609,IND
STOCK12610,HLC
STOCK12611,CST
STOCK12612,HLC
STOCK12613,FINBANK
STOCK12614,CST
STOCK12615,FINBANK
STOCK12616,UTL
STOCK12617,HLC
STOCK12618,IND
STOCK12619,FINREAL
STOCK12620,ITC
STOCK12621,HLC
STOCK12622,ITC
STOCK12623,FIN
STOCK12624,HLC
STOCK12625,MAT
STOCK12626,FIN
STOCK12627,EGY
STOCK12628,UTL
STOCK12629,CST
STOCK12630,FINREAL
STOCK12631,ITCSOFT
STOCK12632,UTL
STOCK12633,EGY
STOCK12634,HLC
STOCK12635,CDI
STOCK12636,CDI
STOCK12637,FINREAL
STOCK12638,FINBANK
STOCK12639,HLC
STOCK12640,IND
STOCK12641,FIN
STOCK12642,HLC
STOCK12643,IND
STOCK12644,EGY
STOCK12645,IND
STOCK12646,FINREAL
STOCK12647,MAT
STOCK12648,ITCSOFT
STOCK12649,FINREAL
STOCK12650,MAT
STOCK12651,CDI
STOCK12652,CST
STOCK12653,EGY
STOCK12654,CDI
STOCK12655,CDI
STOCK12656,HLC
STOCK12657,ITCSOFT
STOCK12658,HLC
STOCK12659,EGY
STOCK12660,FIN
STOCK12661,UTL
STOCK12662,CDI
STOCK12663,HLC
STOCK12664,FINREAL
STOCK12665,ITCSOFT
STOCK12666,HLC
STOCK12667,FINREAL
STOCK12668,FINREAL
STOCK12669,IND
STOCK12670,FINREAL
STOCK12671,ITC
STOCK12672,ITC
STOCK12673,HLC
STOCK12674,EGY
STOCK12675,FIN
STOCK12676,HLC
STOCK12677,MAT
STOCK12678,FINREAL
STOCK12679,FINBANK
STOCK12680,CST
STOCK12681,ITC
STOCK12682,CDI
STOCK12683,FINREAL
STOCK12684,FINBANK
STOCK12685,IND
STOCK12686,FINREAL
STOCK12687,HLC
STOCK12688,FINREAL
STOCK12689,ITCSOFT
STOCK12690,HLC
STOCK12691,HLC
STOCK12692,EGY
STOCK12693,ITCSOFT
STOCK12694,FINREAL
STOCK12695,CST
STOCK12696,ITC
STOCK12697,HLC
STOCK12698,UTL
STOCK12699,ITCSOFT
STOCK12700,FINREAL
STOCK12701,FIN
STOCK12702,CDI
STOCK12703,ITCSOFT
STOCK12704,UTL
STOCK12705,FINREAL
STOCK12706,FIN
STOCK12707,FINREAL
STOCK12708,ITCSOFT
STOCK12709,HLC
STOCK12710,HLC
STOCK12711,ITC
STOCK12712,FINREAL
STOCK12713,HLC
STOCK12714,EGY
STOCK12715,HLC
STOCK12716,HLC
STOCK12717,IND
STOCK12718,HLC
STOCK12719,ITCSOFT
STOCK12720,MAT
STOCK12721,FINREAL
STOCK12722,UTL
STOCK12723,FINREAL
STOCK12724,CST
STOCK12725,EGY
STOCK12726,MAT
STOCK12727,IND
STOCK12728,HLC
STOCK12729,HLC
STOCK12730,UTL
STOCK12731,FIN
STOCK12732,CST
STOCK12733,UTL
STOCK12734,IND
STOCK12735,MAT
STOCK12736,FINBANK
STOCK12737,FINREAL
STOCK12738,HLC
STOCK12739,EGY
STOCK12740,EGY
STOCK12741,HLC
STOCK12742,FIN
STOCK12743,EGY
STOCK12744,CST
STOCK12745,UTL
STOCK12746,FINBANK
STOCK12747,IND
STOCK12748,CST
STOCK12749,EGY
STOCK12750,FIN
STOCK12751,FIN
STOCK12752,HLC
STOCK12753,FINREAL
STOCK12754,EGY
STOCK12755,MAT
STOCK12756,FINREAL
STOCK12757,HLC
STOCK12758,HLC
STOCK12759,IND
STOCK12760,CST
STOCK12761,FIN
STOCK12762,UTL
STOCK12763,FINBANK
STOCK12764,CDI
STOCK12765,MAT
STOCK12766,EGY
STOCK12767,MAT
STOCK12768,FINBANK
STOCK12769,EGY
STOCK12770,ITC
STOCK12771,CDI
STOCK12772,CDI
STOCK12773,HLC
STOCK12774,EGY
STOCK12775,CDI
STOCK12776,EGY
STOCK12777,HLC
STOCK12778,FINBANK
STOCK12779,ITCSOFT
STOCK12780,CST
STOCK12781,HLC
STOCK12782,HLC
STOCK12783,MAT
STOCK12784,FIN
STOCK12785,IND
STOCK12786,FINREAL
STOCK12787,FINREAL
STOCK12788,IND
STOCK12789,CDI
STOCK12790,FINREAL
STOCK12791,CDI
STOCK12792,FINREAL
STOCK12793,FIN
STOCK12794,MAT
STOCK12795,HLC
STOCK12796,CST
STOCK12797,HLC
STOCK12798,FIN
STOCK12799,FINBANK
STOCK12800,IND
STOCK12801,FIN
STOCK12802,MAT
STOCK12803,ITC
STOCK12804,CST
STOCK12805,HLC
STOCK12806,ITCSOFT
STOCK12807,HLC
STOCK12808,CDI
STOCK12809,UTL
STOCK12810,ITCSOFT
STOCK12811,ITCSOFT
STOCK12812,HLC
STOCK12813,UTL
STOCK12814,ITC
STOCK12815,FIN
STOCK12816,FIN
STOCK12817,UTL
STOCK12818,CDI
STOCK12819,ITCSOFT
STOCK12820,FINBANK
STOCK12821,HLC
STOCK12822,IND
STOCK12823,FIN
STOCK12824,CDI
STOCK12825,FIN
STOCK12826,HLC
STOCK12827,ITCSOFT
